{
  "hash": "93ff246d",
  "configHash": "b8264fd7",
  "lockfileHash": "419b484b",
  "browserHash": "57a028bf",
  "optimized": {
    "@angular/cdk/a11y": {
      "src": "../../../../../../node_modules/@angular/cdk/fesm2022/a11y.mjs",
      "file": "@angular_cdk_a11y.js",
      "fileHash": "b64245b4",
      "needsInterop": false
    },
    "@angular/cdk/bidi": {
      "src": "../../../../../../node_modules/@angular/cdk/fesm2022/bidi.mjs",
      "file": "@angular_cdk_bidi.js",
      "fileHash": "ead9a635",
      "needsInterop": false
    },
    "@angular/cdk/keycodes": {
      "src": "../../../../../../node_modules/@angular/cdk/fesm2022/keycodes.mjs",
      "file": "@angular_cdk_keycodes.js",
      "fileHash": "fde65c44",
      "needsInterop": false
    },
    "@angular/cdk/scrolling": {
      "src": "../../../../../../node_modules/@angular/cdk/fesm2022/scrolling.mjs",
      "file": "@angular_cdk_scrolling.js",
      "fileHash": "53c93693",
      "needsInterop": false
    },
    "@angular/cdk/text-field": {
      "src": "../../../../../../node_modules/@angular/cdk/fesm2022/text-field.mjs",
      "file": "@angular_cdk_text-field.js",
      "fileHash": "53a7dab3",
      "needsInterop": false
    },
    "@angular/common": {
      "src": "../../../../../../node_modules/@angular/common/fesm2022/common.mjs",
      "file": "@angular_common.js",
      "fileHash": "5544f13e",
      "needsInterop": false
    },
    "@angular/common/http": {
      "src": "../../../../../../node_modules/@angular/common/fesm2022/http.mjs",
      "file": "@angular_common_http.js",
      "fileHash": "4614b11d",
      "needsInterop": false
    },
    "@angular/core": {
      "src": "../../../../../../node_modules/@angular/core/fesm2022/core.mjs",
      "file": "@angular_core.js",
      "fileHash": "ea3a08ba",
      "needsInterop": false
    },
    "@angular/forms": {
      "src": "../../../../../../node_modules/@angular/forms/fesm2022/forms.mjs",
      "file": "@angular_forms.js",
      "fileHash": "d389882c",
      "needsInterop": false
    },
    "@angular/material/autocomplete": {
      "src": "../../../../../../node_modules/@angular/material/fesm2022/autocomplete.mjs",
      "file": "@angular_material_autocomplete.js",
      "fileHash": "cba44407",
      "needsInterop": false
    },
    "@angular/material/button": {
      "src": "../../../../../../node_modules/@angular/material/fesm2022/button.mjs",
      "file": "@angular_material_button.js",
      "fileHash": "24ed7392",
      "needsInterop": false
    },
    "@angular/material/button-toggle": {
      "src": "../../../../../../node_modules/@angular/material/fesm2022/button-toggle.mjs",
      "file": "@angular_material_button-toggle.js",
      "fileHash": "3fd3b8ca",
      "needsInterop": false
    },
    "@angular/material/card": {
      "src": "../../../../../../node_modules/@angular/material/fesm2022/card.mjs",
      "file": "@angular_material_card.js",
      "fileHash": "dbb3de48",
      "needsInterop": false
    },
    "@angular/material/checkbox": {
      "src": "../../../../../../node_modules/@angular/material/fesm2022/checkbox.mjs",
      "file": "@angular_material_checkbox.js",
      "fileHash": "990c0981",
      "needsInterop": false
    },
    "@angular/material/chips": {
      "src": "../../../../../../node_modules/@angular/material/fesm2022/chips.mjs",
      "file": "@angular_material_chips.js",
      "fileHash": "947a068f",
      "needsInterop": false
    },
    "@angular/material/core": {
      "src": "../../../../../../node_modules/@angular/material/fesm2022/core.mjs",
      "file": "@angular_material_core.js",
      "fileHash": "00233808",
      "needsInterop": false
    },
    "@angular/material/datepicker": {
      "src": "../../../../../../node_modules/@angular/material/fesm2022/datepicker.mjs",
      "file": "@angular_material_datepicker.js",
      "fileHash": "8b7ff554",
      "needsInterop": false
    },
    "@angular/material/dialog": {
      "src": "../../../../../../node_modules/@angular/material/fesm2022/dialog.mjs",
      "file": "@angular_material_dialog.js",
      "fileHash": "bd697c75",
      "needsInterop": false
    },
    "@angular/material/divider": {
      "src": "../../../../../../node_modules/@angular/material/fesm2022/divider.mjs",
      "file": "@angular_material_divider.js",
      "fileHash": "9ab9a724",
      "needsInterop": false
    },
    "@angular/material/expansion": {
      "src": "../../../../../../node_modules/@angular/material/fesm2022/expansion.mjs",
      "file": "@angular_material_expansion.js",
      "fileHash": "04dbbfd5",
      "needsInterop": false
    },
    "@angular/material/form-field": {
      "src": "../../../../../../node_modules/@angular/material/fesm2022/form-field.mjs",
      "file": "@angular_material_form-field.js",
      "fileHash": "b1392a02",
      "needsInterop": false
    },
    "@angular/material/icon": {
      "src": "../../../../../../node_modules/@angular/material/fesm2022/icon.mjs",
      "file": "@angular_material_icon.js",
      "fileHash": "addcb4bf",
      "needsInterop": false
    },
    "@angular/material/input": {
      "src": "../../../../../../node_modules/@angular/material/fesm2022/input.mjs",
      "file": "@angular_material_input.js",
      "fileHash": "7fdae03e",
      "needsInterop": false
    },
    "@angular/material/menu": {
      "src": "../../../../../../node_modules/@angular/material/fesm2022/menu.mjs",
      "file": "@angular_material_menu.js",
      "fileHash": "dfb1083c",
      "needsInterop": false
    },
    "@angular/material/paginator": {
      "src": "../../../../../../node_modules/@angular/material/fesm2022/paginator.mjs",
      "file": "@angular_material_paginator.js",
      "fileHash": "572544d3",
      "needsInterop": false
    },
    "@angular/material/select": {
      "src": "../../../../../../node_modules/@angular/material/fesm2022/select.mjs",
      "file": "@angular_material_select.js",
      "fileHash": "58ae6ce2",
      "needsInterop": false
    },
    "@angular/material/slide-toggle": {
      "src": "../../../../../../node_modules/@angular/material/fesm2022/slide-toggle.mjs",
      "file": "@angular_material_slide-toggle.js",
      "fileHash": "d4f8a5fa",
      "needsInterop": false
    },
    "@angular/material/snack-bar": {
      "src": "../../../../../../node_modules/@angular/material/fesm2022/snack-bar.mjs",
      "file": "@angular_material_snack-bar.js",
      "fileHash": "1da7281c",
      "needsInterop": false
    },
    "@angular/material/stepper": {
      "src": "../../../../../../node_modules/@angular/material/fesm2022/stepper.mjs",
      "file": "@angular_material_stepper.js",
      "fileHash": "df8b8681",
      "needsInterop": false
    },
    "@angular/material/table": {
      "src": "../../../../../../node_modules/@angular/material/fesm2022/table.mjs",
      "file": "@angular_material_table.js",
      "fileHash": "68ddbacb",
      "needsInterop": false
    },
    "@angular/material/tabs": {
      "src": "../../../../../../node_modules/@angular/material/fesm2022/tabs.mjs",
      "file": "@angular_material_tabs.js",
      "fileHash": "3e3281d5",
      "needsInterop": false
    },
    "@angular/material/tooltip": {
      "src": "../../../../../../node_modules/@angular/material/fesm2022/tooltip.mjs",
      "file": "@angular_material_tooltip.js",
      "fileHash": "4924ef19",
      "needsInterop": false
    },
    "@angular/platform-browser": {
      "src": "../../../../../../node_modules/@angular/platform-browser/fesm2022/platform-browser.mjs",
      "file": "@angular_platform-browser.js",
      "fileHash": "7148dd70",
      "needsInterop": false
    },
    "@angular/platform-browser/animations": {
      "src": "../../../../../../node_modules/@angular/platform-browser/fesm2022/animations.mjs",
      "file": "@angular_platform-browser_animations.js",
      "fileHash": "e4db58ba",
      "needsInterop": false
    },
    "@angular/router": {
      "src": "../../../../../../node_modules/@angular/router/fesm2022/router.mjs",
      "file": "@angular_router.js",
      "fileHash": "7f3a2e30",
      "needsInterop": false
    },
    "@daypilot/daypilot-lite-angular": {
      "src": "../../../../../../node_modules/@daypilot/daypilot-lite-angular/fesm2020/daypilot-daypilot-lite-angular.mjs",
      "file": "@daypilot_daypilot-lite-angular.js",
      "fileHash": "b8cca437",
      "needsInterop": false
    },
    "angularx-qrcode": {
      "src": "../../../../../../node_modules/angularx-qrcode/fesm2022/angularx-qrcode.mjs",
      "file": "angularx-qrcode.js",
      "fileHash": "1fda26e9",
      "needsInterop": false
    },
    "ngx-material-timepicker": {
      "src": "../../../../../../node_modules/ngx-material-timepicker/fesm2015/ngx-material-timepicker.js",
      "file": "ngx-material-timepicker.js",
      "fileHash": "f2a54c57",
      "needsInterop": false
    },
    "ngx-scrollbar": {
      "src": "../../../../../../node_modules/ngx-scrollbar/fesm2022/ngx-scrollbar.mjs",
      "file": "ngx-scrollbar.js",
      "fileHash": "cf10f110",
      "needsInterop": false
    },
    "rxjs": {
      "src": "../../../../../../node_modules/rxjs/dist/esm5/index.js",
      "file": "rxjs.js",
      "fileHash": "87e8b788",
      "needsInterop": false
    },
    "rxjs/operators": {
      "src": "../../../../../../node_modules/rxjs/dist/esm5/operators/index.js",
      "file": "rxjs_operators.js",
      "fileHash": "8e196d85",
      "needsInterop": false
    }
  },
  "chunks": {
    "chunk-24GIFH4I": {
      "file": "chunk-24GIFH4I.js"
    },
    "chunk-O3PD5SAC": {
      "file": "chunk-O3PD5SAC.js"
    },
    "chunk-2G2LOODL": {
      "file": "chunk-2G2LOODL.js"
    },
    "chunk-AYTBD7VK": {
      "file": "chunk-AYTBD7VK.js"
    },
    "chunk-6BCHS2FU": {
      "file": "chunk-6BCHS2FU.js"
    },
    "chunk-QZZSKYNM": {
      "file": "chunk-QZZSKYNM.js"
    },
    "chunk-WACIBYIK": {
      "file": "chunk-WACIBYIK.js"
    },
    "chunk-33YXIKDH": {
      "file": "chunk-33YXIKDH.js"
    },
    "chunk-OIZAD6NR": {
      "file": "chunk-OIZAD6NR.js"
    },
    "chunk-YWU6IY3I": {
      "file": "chunk-YWU6IY3I.js"
    },
    "chunk-64S56XSM": {
      "file": "chunk-64S56XSM.js"
    },
    "chunk-5BEZZC5Y": {
      "file": "chunk-5BEZZC5Y.js"
    },
    "chunk-KV2CJO6Y": {
      "file": "chunk-KV2CJO6Y.js"
    },
    "chunk-SL57N43Y": {
      "file": "chunk-SL57N43Y.js"
    },
    "chunk-2NAR3O5L": {
      "file": "chunk-2NAR3O5L.js"
    },
    "chunk-EIKSUSSA": {
      "file": "chunk-EIKSUSSA.js"
    },
    "chunk-2APORSAN": {
      "file": "chunk-2APORSAN.js"
    },
    "chunk-ZRQXDOX6": {
      "file": "chunk-ZRQXDOX6.js"
    },
    "chunk-FRQ67SIV": {
      "file": "chunk-FRQ67SIV.js"
    },
    "chunk-72MW4JQ5": {
      "file": "chunk-72MW4JQ5.js"
    },
    "chunk-OIBNGD5S": {
      "file": "chunk-OIBNGD5S.js"
    },
    "chunk-JXF3ALR2": {
      "file": "chunk-JXF3ALR2.js"
    },
    "chunk-CNHBA36C": {
      "file": "chunk-CNHBA36C.js"
    },
    "chunk-PDBU26CW": {
      "file": "chunk-PDBU26CW.js"
    },
    "chunk-DBZEFMJN": {
      "file": "chunk-DBZEFMJN.js"
    },
    "chunk-A423J4FG": {
      "file": "chunk-A423J4FG.js"
    },
    "chunk-UDU42JBG": {
      "file": "chunk-UDU42JBG.js"
    },
    "chunk-LT6I3MW2": {
      "file": "chunk-LT6I3MW2.js"
    },
    "chunk-KYLX7A2L": {
      "file": "chunk-KYLX7A2L.js"
    },
    "chunk-OW22OMF4": {
      "file": "chunk-OW22OMF4.js"
    },
    "chunk-6J7MIBNP": {
      "file": "chunk-6J7MIBNP.js"
    },
    "chunk-AGGWRVMV": {
      "file": "chunk-AGGWRVMV.js"
    },
    "chunk-IUZGNAXS": {
      "file": "chunk-IUZGNAXS.js"
    },
    "chunk-ALHLIF2T": {
      "file": "chunk-ALHLIF2T.js"
    },
    "chunk-QJJSESC6": {
      "file": "chunk-QJJSESC6.js"
    },
    "chunk-UCL4LZVP": {
      "file": "chunk-UCL4LZVP.js"
    },
    "chunk-IFTZZKWL": {
      "file": "chunk-IFTZZKWL.js"
    },
    "chunk-XP5MLFGJ": {
      "file": "chunk-XP5MLFGJ.js"
    },
    "chunk-5XXOF2XJ": {
      "file": "chunk-5XXOF2XJ.js"
    },
    "chunk-WDW2G73A": {
      "file": "chunk-WDW2G73A.js"
    },
    "chunk-JJZWSLEO": {
      "file": "chunk-JJZWSLEO.js"
    },
    "chunk-M3HR6BUY": {
      "file": "chunk-M3HR6BUY.js"
    },
    "chunk-HXGJ4U2M": {
      "file": "chunk-HXGJ4U2M.js"
    },
    "chunk-AHTD7YAV": {
      "file": "chunk-AHTD7YAV.js"
    },
    "chunk-LLSYBTIE": {
      "file": "chunk-LLSYBTIE.js"
    },
    "chunk-KCWIIA2R": {
      "file": "chunk-KCWIIA2R.js"
    },
    "chunk-EYFAA723": {
      "file": "chunk-EYFAA723.js"
    },
    "chunk-5UX3UCM4": {
      "file": "chunk-5UX3UCM4.js"
    },
    "chunk-WYBF7PXX": {
      "file": "chunk-WYBF7PXX.js"
    },
    "chunk-E3QC5ZTU": {
      "file": "chunk-E3QC5ZTU.js"
    },
    "chunk-WPM5VTLQ": {
      "file": "chunk-WPM5VTLQ.js"
    },
    "chunk-PEBH6BBU": {
      "file": "chunk-PEBH6BBU.js"
    },
    "chunk-4S3KYZTJ": {
      "file": "chunk-4S3KYZTJ.js"
    },
    "chunk-TXDUYLVM": {
      "file": "chunk-TXDUYLVM.js"
    }
  }
}